{"cameraMode":{"drawMode":0,"name":"Shaded","section":"Shading Mode"},"sceneLighting":true,"audioPlay":false,"sceneViewState":{"m_AlwaysRefresh":false,"showFog":true,"showSkybox":true,"showFlares":true,"showImageEffects":true,"showParticleSystems":true,"showVisualEffectGraphs":true,"m_FxEnabled":true},"in2DMode":false,"pivot":{"x":-10.449243545532227,"y":4.5542497634887699,"z":10.101550102233887},"rotation":{"x":0.31277334690093996,"y":-0.6405019760131836,"z":0.32133492827415469,"w":0.6234378814697266},"size":9.945085525512696,"orthographic":false}