{"cameraMode":{"drawMode":0,"name":"Shaded","section":"Shading Mode"},"sceneLighting":true,"audioPlay":false,"sceneViewState":{"m_AlwaysRefresh":false,"showFog":true,"showSkybox":true,"showFlares":true,"showImageEffects":true,"showParticleSystems":true,"showVisualEffectGraphs":true,"m_FxEnabled":true},"in2DMode":false,"pivot":{"x":8.239278793334961,"y":1.1618728637695313,"z":-14.635037422180176},"rotation":{"x":-0.2578132748603821,"y":0.11904976516962052,"z":-0.03202828764915466,"w":-0.9582979679107666},"size":6.2275214195251469,"orthographic":false}