{"cameraMode":{"drawMode":0,"name":"Shaded","section":"Shading Mode"},"sceneLighting":false,"audioPlay":false,"sceneViewState":{"m_AlwaysRefresh":false,"showFog":true,"showSkybox":true,"showFlares":true,"showImageEffects":true,"showParticleSystems":true,"showVisualEffectGraphs":true,"m_FxEnabled":true},"in2DMode":false,"pivot":{"x":0.4136080741882324,"y":0.7110986709594727,"z":-2.7572479248046877},"rotation":{"x":-0.009958941489458084,"y":0.9666159152984619,"z":-0.03801688924431801,"w":-0.2532101571559906},"size":10.492392539978028,"orthographic":false}