{"cameraMode":{"drawMode":0,"name":"Shaded","section":"Shading Mode"},"sceneLighting":true,"audioPlay":false,"sceneViewState":{"m_AlwaysRefresh":false,"showFog":true,"showSkybox":true,"showFlares":true,"showImageEffects":true,"showParticleSystems":true,"showVisualEffectGraphs":true,"m_FxEnabled":true},"in2DMode":false,"pivot":{"x":0.552518367767334,"y":1.2374496459960938,"z":9.214256286621094},"rotation":{"x":0.28772613406181338,"y":-0.01723855547606945,"z":0.00517722312361002,"w":0.9575517177581787},"size":18.300928115844728,"orthographic":false}